trade_id,symbol,signal_date,entry_date,entry_reference_price,entry_price,initial_stop,atr_at_signal,quantity,risk_budget,exit_date,exit_reference_price,exit_price,exit_reason,gross_pnl,transaction_cost,net_pnl,return_pct,r_multiple,holding_days
1,ITC,2005-05-26,2005-05-27,33.9,33.9169,32.3536,0.781662,639,1000.0,2005-06-17,34.47,34.4528,TREND_EXIT,342.3858,21.8441,320.5417,1.479,0.3205,21
2,ITC,2005-06-27,2005-06-28,36.24,36.2581,34.6729,0.792593,632,1003.2054,2005-07-21,37.13,37.1114,TREND_EXIT,539.2951,23.1848,516.1103,2.2523,0.5145,23
3,ITC,2005-09-05,2005-09-06,39.77,39.7899,38.1999,0.794996,634,1008.3665,2005-10-06,43.67,43.6482,TREND_EXIT,2446.1495,26.4499,2419.6997,9.5918,2.3996,30
4,ITC,2005-11-24,2005-11-25,44.78,44.8024,41.8507,1.475851,349,1032.5635,2005-12-27,45.74,45.7171,TREND_EXIT,319.2443,15.7957,303.4486,1.9407,0.2939,32
5,ITC,2006-01-04,2006-01-05,48.74,48.7644,45.7896,1.487375,348,1035.598,2006-01-18,45.7896,45.7667,STOP_LOSS,-1043.1806,16.4484,-1059.6291,-6.2441,-1.0232,13
6,ITC,2006-01-23,2006-01-24,50.55,50.5753,47.6405,1.467377,349,1025.0017,2006-04-17,62.67,62.6387,TREND_EXIT,4210.1231,19.7558,4190.3673,23.7404,4.0882,83
7,ITC,2006-08-29,2006-08-30,61.32,61.3507,58.0376,1.656508,322,1066.9054,2006-09-12,60.3,60.2698,TREND_EXIT,-348.0208,19.5809,-367.6017,-1.8608,-0.3445,13
8,ITC,2006-10-16,2006-10-17,65.2,65.2326,62.3604,1.436079,370,1063.2294,2006-10-20,62.3604,62.3293,STOP_LOSS,-1074.2354,23.5989,-1097.8343,-4.5485,-1.0325,3
9,ITC,2007-07-27,2007-07-30,58.34,58.3692,54.7693,1.799932,292,1052.251,2007-08-01,54.7693,54.7419,STOP_LOSS,-1059.1564,16.5142,-1075.6706,-6.3112,-1.0223,2
10,ITC,2007-09-10,2007-09-11,61.34,61.3707,57.302,2.034317,255,1041.4943,2007-10-08,59.67,59.6402,TREND_EXIT,-441.2788,15.4289,-456.7077,-2.9183,-0.4385,27
11,ITC,2007-11-15,2007-11-16,62.98,63.0115,57.7421,2.634713,196,1036.9272,2007-12-11,65.57,65.5372,TREND_EXIT,495.0421,12.5978,482.4443,3.9064,0.4653,25
12,ITC,2007-12-27,2007-12-28,66.3,66.3331,60.3437,2.994733,173,1041.7517,2008-01-17,68.95,68.9155,TREND_EXIT,446.7509,11.699,435.0519,3.7911,0.4176,20
13,ITC,2008-04-30,2008-05-02,73.62,73.6568,68.8563,2.400232,217,1046.1022,2008-05-26,68.8563,68.8219,STOP_LOSS,-1049.1717,15.4589,-1064.6307,-6.6608,-1.0177,24
14,ITC,2009-03-27,2009-03-30,61.29,61.3206,57.1264,2.097134,246,1035.4559,2009-05-11,62.96,62.9285,TREND_EXIT,395.5373,15.2826,380.2546,2.5208,0.3672,42
15,ITC,2009-07-07,2009-07-08,69.78,69.8149,63.9817,2.916585,178,1039.2584,2009-08-10,76.89,76.8516,TREND_EXIT,1252.5264,13.0533,1239.4731,9.974,1.1927,33
16,ITC,2009-10-23,2009-10-26,87.34,87.3837,81.968,2.707835,194,1051.6532,2009-11-03,81.968,81.927,STOP_LOSS,-1058.591,16.4231,-1075.0142,-6.3414,-1.0222,8
17,ITC,2009-11-23,2009-11-24,89.5,89.5447,84.0268,2.758976,188,1040.903,2009-11-27,84.0268,83.9848,STOP_LOSS,-1045.2734,16.3118,-1061.5852,-6.306,-1.0199,3
18,ITC,2010-05-21,2010-05-24,91.16,91.2056,85.6959,2.754832,186,1030.2872,2010-05-26,86.86,86.8166,TREND_EXIT,-816.3559,16.5561,-832.9119,-4.9098,-0.8084,2
19,ITC,2010-05-27,2010-05-28,92.15,92.1961,86.3009,2.94758,173,1021.9581,2010-07-20,96.79,96.7416,TREND_EXIT,786.3767,16.3431,770.0336,4.8278,0.7535,53
20,ITC,2010-08-02,2010-08-03,105.21,105.2626,100.9587,2.151968,239,1029.6584,2010-08-04,100.9587,100.9082,STOP_LOSS,-1040.7052,24.6374,-1065.3426,-4.2346,-1.0347,1
21,ITC,2010-09-20,2010-09-21,117.91,117.969,112.7337,2.617617,194,1019.005,2010-10-08,112.7337,112.6774,STOP_LOSS,-1026.5704,22.3727,-1048.9431,-4.5833,-1.0294,17
22,ITC,2010-12-30,2010-12-31,115.25,115.3076,110.6247,2.341482,215,1008.5155,2011-01-10,114.16,114.1029,TREND_EXIT,-259.0116,24.6616,-283.6732,-1.1443,-0.2813,10
23,ITC,2011-03-31,2011-04-01,120.69,120.7503,115.3949,2.677726,187,1005.6788,2011-05-04,124.5,124.4378,TREND_EXIT,689.5447,22.9251,666.6196,2.9522,0.6629,33
24,ITC,2011-06-30,2011-07-01,136.9,136.9684,131.047,2.960724,170,1012.345,2011-07-05,131.047,130.9815,STOP_LOSS,-1017.785,22.7757,-1040.5607,-4.4689,-1.0279,4
25,ITC,2011-07-29,2011-08-01,139.22,139.2896,133.1103,3.089679,162,1001.9394,2011-08-04,133.1103,133.0437,STOP_LOSS,-1011.8378,22.059,-1033.8968,-4.5819,-1.0319,3
26,ITC,2011-10-28,2011-10-31,142.77,142.8414,136.976,2.932692,169,991.6004,2011-11-17,136.976,136.9075,STOP_LOSS,-1002.8245,23.6388,-1026.4632,-4.2521,-1.0352,17
27,ITC,2012-01-13,2012-01-16,137.13,137.1986,132.4375,2.380551,206,981.3358,2012-01-23,132.4375,132.3712,STOP_LOSS,-994.428,27.7657,-1022.1937,-3.6167,-1.0416,7
28,ITC,2012-03-16,2012-03-19,143.86,143.9319,137.4026,3.264651,148,971.1139,2012-05-07,155.79,155.7121,TREND_EXIT,1743.4659,22.1737,1721.2922,8.0805,1.7725,49
29,ITC,2012-06-29,2012-07-02,171.81,171.8959,164.0862,3.904849,126,988.3268,2012-07-02,164.0862,164.0042,STOP_LOSS,-994.3594,21.1617,-1015.5211,-4.6887,-1.0275,0
30,ITC,2012-08-30,2012-08-31,179.0,179.0895,172.9299,3.079795,158,978.1716,2012-09-06,172.9299,172.8434,STOP_LOSS,-986.8768,27.8027,-1014.6795,-3.5859,-1.0373,6
31,ITC,2012-10-19,2012-10-22,197.56,197.6588,187.7296,4.964578,97,968.0248,2012-10-31,187.7296,187.6358,STOP_LOSS,-972.2331,18.6868,-990.9199,-5.1683,-1.0237,9
32,ITC,2012-11-29,2012-11-30,196.33,196.4282,188.1549,4.13665,115,958.1156,2012-12-18,194.64,194.5427,TREND_EXIT,-216.8308,22.4808,-239.3116,-1.0594,-0.2498,18
33,ITC,2013-01-24,2013-01-25,198.22,198.3191,191.0565,3.631319,131,955.7225,2013-02-22,196.24,196.1419,TREND_EXIT,-285.2171,25.8372,-311.0543,-1.1973,-0.3255,28
34,ITC,2013-04-25,2013-04-26,210.49,210.5952,201.3845,4.605377,103,952.6119,2013-05-22,218.21,218.1009,TREND_EXIT,773.082,22.0779,751.0041,3.4622,0.7884,26
35,ITC,2013-05-30,2013-05-31,233.03,233.1465,222.486,5.330235,90,960.122,2013-06-03,222.486,222.3748,STOP_LOSS,-969.4541,20.4985,-989.9526,-4.7178,-1.0311,3
36,ITC,2013-07-17,2013-07-18,244.13,244.2521,233.6057,5.323204,89,950.2224,2013-07-26,233.6057,233.4889,STOP_LOSS,-957.9257,21.2595,-979.1852,-4.5044,-1.0305,8
37,ITC,2014-03-07,2014-03-10,222.75,222.8614,215.1295,3.865941,121,940.4306,2014-04-03,228.45,228.3358,TREND_EXIT,662.4024,27.2974,635.105,2.3552,0.6753,24
38,ITC,2014-09-22,2014-09-23,245.29,245.4126,236.4587,4.476949,105,946.7816,2014-10-10,236.4587,236.3405,STOP_LOSS,-952.5735,25.292,-977.8655,-3.7948,-1.0328,17
39,ITC,2014-11-10,2014-11-11,245.49,245.6127,236.3893,4.611715,101,937.003,2014-11-25,236.3893,236.2711,STOP_LOSS,-943.504,24.3351,-967.8392,-3.9015,-1.0329,14
40,ITC,2014-12-04,2014-12-05,253.91,254.037,242.6419,5.697552,81,927.3246,2014-12-18,242.6419,242.5205,STOP_LOSS,-932.8305,20.1106,-952.9411,-4.6311,-1.0276,13
41,ITC,2015-02-25,2015-02-26,263.79,263.9219,251.4981,6.211879,73,917.7952,2015-02-28,251.4981,251.3724,STOP_LOSS,-916.1139,18.8082,-934.9222,-4.8526,-1.0187,2
42,ITC,2016-05-23,2016-05-24,230.71,230.8254,217.6469,6.589233,68,908.446,2016-07-28,249.4,249.2753,TREND_EXIT,1254.5963,16.3234,1238.2728,7.889,1.3631,65
43,ITC,2016-08-02,2016-08-03,260.0,260.13,248.1363,5.996853,76,920.8287,2016-08-09,248.1363,248.0122,STOP_LOSS,-920.9508,19.3094,-940.2602,-4.756,-1.0211,6
44,ITC,2017-01-25,2017-01-27,263.5,263.6318,253.7721,4.929813,92,911.4261,2017-02-21,266.0,265.867,TREND_EXIT,205.643,24.3569,181.2861,0.7474,0.1989,25
45,ITC,2017-03-17,2017-03-20,282.9,283.0414,270.1668,6.437335,70,913.2389,2017-04-07,273.0,272.8635,TREND_EXIT,-712.4565,19.4567,-731.9132,-3.6941,-0.8014,18
46,ITC,2017-04-26,2017-04-27,291.4,291.5457,278.8517,6.346982,71,905.9198,2017-04-28,278.8517,278.7123,STOP_LOSS,-911.1706,20.2442,-931.4148,-4.4996,-1.0281,1
47,ITC,2017-05-22,2017-05-23,301.9,302.0509,287.4547,7.298135,61,896.6057,2017-06-15,302.95,302.7985,TREND_EXIT,45.6021,18.4479,27.1542,0.1474,0.0303,23
48,ITC,2017-06-30,2017-07-03,346.0,346.173,333.1714,6.500798,68,896.8772,2017-07-05,333.1714,333.0048,STOP_LOSS,-895.4363,23.092,-918.5283,-3.902,-1.0241,2
49,ITC,2018-01-18,2018-01-19,276.0,276.138,266.5554,4.791283,92,887.6919,2018-02-12,272.45,272.3138,TREND_EXIT,-351.8287,25.2288,-377.0575,-1.4842,-0.4248,24
50,ITC,2018-04-26,2018-04-27,279.6,279.7398,270.2486,4.745587,93,883.9213,2018-05-18,278.55,278.4107,TREND_EXIT,-123.604,25.954,-149.558,-0.5749,-0.1692,21
51,ITC,2018-07-23,2018-07-24,284.5,284.6422,273.1145,5.763851,76,882.4258,2018-09-11,306.65,306.4967,TREND_EXIT,1660.9363,22.4633,1638.473,7.574,1.8568,49
52,ITC,2019-01-11,2019-01-14,294.5,294.6472,284.3725,5.137362,87,898.8105,2019-01-23,284.3725,284.2303,STOP_LOSS,-906.2712,25.1812,-931.4524,-3.6336,-1.0363,9
53,ITC,2019-04-12,2019-04-15,307.9,308.0539,297.7582,5.147867,86,889.496,2019-05-09,297.7582,297.6093,STOP_LOSS,-898.2367,26.0435,-924.2802,-3.4888,-1.0391,24
54,ITC,2020-06-25,2020-06-26,206.0,206.103,192.2421,6.930438,63,880.2532,2020-07-08,194.25,194.1529,TREND_EXIT,-752.8579,12.6081,-765.4659,-5.8952,-0.8696,12
55,ITC,2020-08-11,2020-08-12,202.5,202.6012,193.2311,4.685074,93,872.5985,2020-08-17,198.05,197.951,TREND_EXIT,-432.4756,18.6257,-451.1013,-2.3941,-0.517,5
56,ITC,2020-12-10,2020-12-11,214.45,214.5572,204.6539,4.951654,87,868.0875,2020-12-21,204.6539,204.5516,STOP_LOSS,-870.4902,18.2312,-888.7215,-4.7611,-1.0238,10
57,ITC,2021-01-15,2021-01-18,218.4,218.5092,207.6389,5.435128,79,859.2003,2021-01-25,207.6389,207.5351,STOP_LOSS,-866.952,16.8288,-883.7808,-5.1197,-1.0286,7
58,ITC,2021-02-04,2021-02-05,232.15,232.2661,218.2115,7.027287,60,850.3625,2021-02-12,218.2115,218.1024,STOP_LOSS,-849.8208,13.5111,-863.3319,-6.195,-1.0153,7
59,ITC,2021-03-19,2021-03-22,223.3,223.4117,212.3547,5.528464,76,841.7292,2021-03-25,212.3547,212.2485,STOP_LOSS,-848.396,16.5551,-864.9511,-5.0942,-1.0276,3
60,ITC,2021-05-31,2021-06-01,218.0,218.109,210.4781,3.815464,109,833.0796,2021-06-02,210.4781,210.3728,STOP_LOSS,-843.2421,23.3523,-866.5944,-3.6452,-1.0402,1
61,ITC,2021-08-05,2021-08-06,215.4,215.5077,207.9964,3.755645,109,824.4137,2021-08-11,207.9964,207.8924,STOP_LOSS,-830.0665,23.0753,-853.1418,-3.6319,-1.0348,5
62,ITC,2021-09-16,2021-09-17,233.0,233.1165,224.7268,4.194827,97,815.8823,2021-10-25,234.1,233.983,TREND_EXIT,84.0457,22.6543,61.3913,0.2715,0.0752,38
63,ITC,2022-03-11,2022-03-14,236.25,236.3681,225.1929,5.587593,73,816.4962,2022-04-26,256.6,256.4717,TREND_EXIT,1467.561,17.9887,1449.5723,8.4009,1.7754,43
64,ITC,2022-05-19,2022-05-20,275.3,275.4377,259.654,7.891836,52,830.9919,2022-06-09,266.16,266.0269,TREND_EXIT,-489.358,14.0781,-503.436,-3.5149,-0.6058,20
65,ITC,2022-07-01,2022-07-04,283.9,284.0419,272.2312,5.905374,69,825.9576,2022-09-29,326.99,326.8265,TREND_EXIT,2952.1343,21.075,2931.0593,14.9552,3.5487,87
66,ITC,2023-02-02,2023-02-03,359.07,359.2495,340.9078,9.170882,46,855.2682,2023-03-03,354.46,354.2828,TREND_EXIT,-228.4712,16.4112,-244.8824,-1.4818,-0.2863,28
67,ITC,2023-04-11,2023-04-12,373.97,374.157,360.7315,6.712734,63,852.8193,2023-07-26,439.8,439.5801,TREND_EXIT,4121.6562,25.6327,4096.0235,17.3767,4.8029,105
68,ITC,2023-12-28,2023-12-29,439.05,439.2695,425.1612,7.054142,63,893.7796,2024-01-24,435.26,435.0424,TREND_EXIT,-266.3108,27.5408,-293.8516,-1.0618,-0.3288,26
69,ITC,2024-04-25,2024-04-26,415.54,415.7478,401.3185,7.214636,61,890.841,2024-05-09,401.3185,401.1178,STOP_LOSS,-892.4259,24.9144,-917.3403,-3.6172,-1.0297,13
70,ITC,2024-07-09,2024-07-10,429.21,429.4246,415.499,6.962796,63,881.6676,2024-10-04,482.47,482.2288,TREND_EXIT,3326.6621,28.7171,3297.945,12.1903,3.7406,86
